{"cameraMode":{"drawMode":0,"name":"Shaded","section":"Shading Mode"},"sceneLighting":false,"audioPlay":false,"sceneViewState":{"showFog":true,"showMaterialUpdate":false,"showSkybox":false,"showFlares":true,"showImageEffects":true,"showParticleSystems":true},"in2DMode":false,"pivot":{"x":-2.152008056640625,"y":0.0,"z":-2.334906578063965},"rotation":{"x":0.049465060234069827,"y":-0.02396983467042446,"z":0.0012858270201832057,"w":0.9985193014144898},"size":1.4142135381698609,"orthographic":false}