{"cameraMode":{"drawMode":0,"name":"Shaded","section":"Shading Mode"},"sceneLighting":false,"audioPlay":false,"sceneViewState":{"showFog":true,"showMaterialUpdate":false,"showSkybox":false,"showFlares":true,"showImageEffects":true,"showParticleSystems":true},"in2DMode":false,"pivot":{"x":-5.317272186279297,"y":1.4610230922698975,"z":-13.343955039978028},"rotation":{"x":-0.18640688061714173,"y":-0.0091612059623003,"z":0.001727949595078826,"w":-0.9824969172477722},"size":0.42243000864982607,"orthographic":false}